{
  "intern": {
    "precision": 0.0,
    "recall": 0.0,
    "f1-score": 0.0,
    "support": 0.0
  },
  "junior": {
    "precision": 0.6666666666666666,
    "recall": 0.9523809523809523,
    "f1-score": 0.7843137254901961,
    "support": 21.0
  },
  "lead": {
    "precision": 0.6923076923076923,
    "recall": 0.9642857142857143,
    "f1-score": 0.8059701492537313,
    "support": 28.0
  },
  "low_value": {
    "precision": 0.0,
    "recall": 0.0,
    "f1-score": 0.0,
    "support": 1.0
  },
  "senior": {
    "precision": 0.6666666666666666,
    "recall": 0.09523809523809523,
    "f1-score": 0.16666666666666666,
    "support": 21.0
  },
  "template": {
    "precision": 0.0,
    "recall": 0.0,
    "f1-score": 0.0,
    "support": 1.0
  },
  "accuracy": 0.6805555555555556,
  "macro avg": {
    "precision": 0.3376068376068376,
    "recall": 0.3353174603174603,
    "f1-score": 0.292825090235099,
    "support": 72.0
  },
  "weighted avg": {
    "precision": 0.6581196581196581,
    "recall": 0.6805555555555556,
    "f1-score": 0.5908021168666472,
    "support": 72.0
  }
}